linha,decl_Baixa__orient_Baixo,decl_Baixa__orient_Médio,decl_Baixa__orient_Alto,decl_Média__orient_Baixo,decl_Média__orient_Médio,decl_Média__orient_Alto,decl_Alta__orient_Baixo,decl_Alta__orient_Médio,decl_Alta__orient_Alto
LT 69 kV ITARARE II / ITARARE I C 1 SP,0.0,0.0,100.0,0.0,0.0,0.0,0.0,0.0,0.0
LT 88 kV ASSIS / CANOAS I C 1 SP,0.0,0.0,100.0,0.0,0.0,0.0,0.0,0.0,0.0
LT 88 kV ASSIS / DECASA C 1 SP,0.0,0.0,100.0,0.0,0.0,0.0,0.0,0.0,0.0
LT 88 kV BOTUCATU / CERQUILHO C 1 SP,7.57546006594494,17.220190887517667,71.2344564349373,1.3078338978393078,1.8720073209675612,0.7087879272964072,0.034373720338494985,0.03564346198688266,0.011246283171433715
LT 88 kV BOTUCATU / CERQUILHO C 2 SP,7.577778261642697,17.228116301772033,71.22172565584866,1.3085673122634354,1.8732830355749586,0.7092401264339034,0.034384650837025826,0.03565479625053074,0.01124985937675779
LT 88 kV BOTUCATU / IPAUSSU C 1 SP,14.950875088444691,37.0450185255295,36.114474018175294,2.65619084485773,5.861752615765062,1.8925108083313127,0.4302630440855138,0.773180308064029,0.275734746746866
LT 88 kV CANOAS I / SALTO GRANDE SP C 1 SP,0.0,0.0,100.0,0.0,0.0,0.0,0.0,0.0,0.0
LT 88 kV CANOAS II / DECASA C 1 SP,0.0,0.0,100.0,0.0,0.0,0.0,0.0,0.0,0.0
LT 88 kV CANOAS II / SALTO GRANDE C 1 SP,0.0,0.0,100.0,0.0,0.0,0.0,0.0,0.0,0.0
LT 88 kV CERQUILHO / ITAPETININGA2 C 1 SP,13.492879735553407,31.310567881375512,47.48487674655395,2.7040177514624135,3.5817796525573344,1.2967352025988323,0.05898140146426748,0.049626517673029696,0.02053511076125367
LT 88 kV CHAVANTES / BOTUCATU C 1 SP,13.402625375718019,33.192126719002054,42.74301344910412,2.382690085110233,5.255376439722988,1.6969189343584916,0.3864673408668375,0.6932423105501925,0.24753934556706103
LT 88 kV CHAVANTES / IPAUSSU C 1 SP,0.015566957487083873,0.09695990663383669,99.86790324646674,0.005515150652566858,0.009784944706167005,0.00017790808556667284,0.0006226782994833549,0.0034692076685501204,0.0
LT 88 kV CHAVANTES / SALTO GRANDE C 1 SP,0.0,0.0,100.0,0.0,0.0,0.0,0.0,0.0,0.0
LT 88 kV ITAPETINGA 2 / ITAPETININGA1 C 1 SP,2.454138075899734,5.946733650749195,89.05418533818793,0.7951442375017505,1.2191919899173784,0.43651974513373476,0.03675955748494609,0.04813751575409606,0.009189889371236522
LT 88 kV JAGUARI / S.JOSE CAMPOS C 1 SP,0.0,0.0,100.0,0.0,0.0,0.0,0.0,0.0,0.0
LT 88 kV JAGUARI / S.JOSE CAMPOS C 2 SP,0.0,0.0,100.0,0.0,0.0,0.0,0.0,0.0,0.0
LT 88 kV MAIRIPORA / JAGUARI C 1 SP,6.052668711308186,13.539505858476423,28.05278440493201,8.398275840630411,17.206236859447927,8.90689528591733,5.444304062305882,8.579330955667176,3.819998021314658
LT 88 kV MAIRIPORA / JAGUARI C 2 SP,6.0550504348747545,13.546293197549973,28.042028251315276,8.398621765742346,17.20624800971879,8.908350017003556,5.444544345222487,8.578767558402758,3.8200964201700573
LT 88 kV OURINHOS / CHAVANTES C 1 SP,0.0,0.0,100.0,0.0,0.0,0.0,0.0,0.0,0.0
LT 88 kV PAR.PAULISTA2 / ASSIS C 1 SP,0.0,0.0,100.0,0.0,0.0,0.0,0.0,0.0,0.0
LT 88 kV PAR.PAULISTA2 / ASSIS C 2 SP,0.0,0.0,100.0,0.0,0.0,0.0,0.0,0.0,0.0
LT 88 kV PRE. PRUDENTE / PAR.PAULISTA2 C 1 SP,13.367894496778021,26.883087393484075,58.496803382988915,0.35245412132363285,0.615903075512919,0.2597238937660321,0.008757854824884514,0.010897783153136838,0.004477998168379864
LT 88 kV PRE. PRUDENTE / PRE.PRUDENTE1 C 1 SP,0.0,0.0,100.0,0.0,0.0,0.0,0.0,0.0,0.0
LT 88 kV PRE. PRUDENTE / PRE.PRUDENTE1 C 2 SP,0.0,0.0,100.0,0.0,0.0,0.0,0.0,0.0,0.0
LT 88 kV PRE. PRUDENTE / QUATA II C 1 SP,11.54123741700343,24.413452806785127,62.599127772303035,0.3762481901846693,0.7164539135525829,0.32565687395773535,0.009713884349393916,0.012658817613689808,0.005450324250338668
LT 88 kV QUATA II / PAR.PAULISTA2 C 1 SP,0.0,0.0,100.0,0.0,0.0,0.0,0.0,0.0,0.0
LT 88 kV SALTO GRANDE / OURINHOS C 1 SP,0.0,0.0,100.0,0.0,0.0,0.0,0.0,0.0,0.0
RL 88 kV ASSIS I / DS31 C 1 SP,0.0,0.0,100.0,0.0,0.0,0.0,0.0,0.0,0.0
RL 88 kV ASSIS I / DS32 C 2 SP,0.0,0.0,100.0,0.0,0.0,0.0,0.0,0.0,0.0
RL 88 kV OURINHOS 1 / DOA1 C 1 SP,0.0,0.0,100.0,0.0,0.0,0.0,0.0,0.0,0.0
RL 88 kV OURINHOS 1 / DOA2 C 2 SP,0.0,0.0,100.0,0.0,0.0,0.0,0.0,0.0,0.0
RL 88 kV OURINHOS 2 / DOU1 C 1 SP,0.0,0.0,100.0,0.0,0.0,0.0,0.0,0.0,0.0
RL 88 kV OURINHOS 2 / RLOU2 C 2 SP,0.0,0.0,100.0,0.0,0.0,0.0,0.0,0.0,0.0
RL 88 kV PALMITAL / DPMT C 1 SP,0.0,0.0,100.0,0.0,0.0,0.0,0.0,0.0,0.0
RL 88 kV SANTA LINA / DSAL C 1 SP,0.0,0.0,100.0,0.0,0.0,0.0,0.0,0.0,0.0
LT 138 kV AGUA AZUL / MAIRIPORA C 1 SP,5.093794764042754,10.40107379579839,50.699807443204165,5.344202789607946,10.586414222021233,5.542652953960765,3.7810168586421438,6.106371693549648,2.444665479172956
LT 138 kV AGUA AZUL / MAIRIPORA C 2 SP,5.09022609732899,10.399779710521347,50.68100953184879,5.347310652655679,10.589887606672654,5.547759648787386,3.785684310266668,6.110507880278921,2.4478345616395694
LT 138 kV AGUA AZUL / SANTO ANGELO C 1 SP,0.0,0.0,100.0,0.0,0.0,0.0,0.0,0.0,0.0
LT 138 kV AGUA AZUL / SANTO ANGELO C 2 SP,0.0,0.0,100.0,0.0,0.0,0.0,0.0,0.0,0.0
LT 138 kV AGUA VERMELHA / COL BOA HORA C 1 SP,0.0,0.0,100.0,0.0,0.0,0.0,0.0,0.0,0.0
LT 138 kV AGUA VERMELHA / COL BOA HORA C 2 SP,0.0,0.0,100.0,0.0,0.0,0.0,0.0,0.0,0.0
LT 138 kV AGUA VERMELHA / GUARIROBA 1 C 1 SP,0.0,0.0,100.0,0.0,0.0,0.0,0.0,0.0,0.0
LT 138 kV ALCIDIA / MIRANTE PAR 2 C 1 SP,19.8762078037027,39.87903523221793,38.8531704078873,0.4084404887763381,0.6906916136011605,0.2747522926757308,0.008052024684680255,0.004056745260983945,0.005593391193174833
LT 138 kV ALTA PAULISTA / PRE. PRUDENTE C 1 SP,0.0,0.0,100.0,0.0,0.0,0.0,0.0,0.0,0.0
LT 138 kV ALTA PAULISTA / PRE. PRUDENTE C 2 SP,0.0,0.0,100.0,0.0,0.0,0.0,0.0,0.0,0.0
LT 138 kV ARARAQUARA CTP / SAO CARLOS C 1 SP,5.054729410807577,10.449610859055724,80.8657816167812,0.8662304772017481,1.1757337640523118,0.5911632007394976,0.3940854223460952,0.3847575417317456,0.21790770728409287
LT 138 kV ARARAQUARA CTP / SAO CARLOS C 2 SP,5.054224793045313,10.446267522070023,80.87012138162416,0.8663904465620695,1.1756653267092871,0.5911287901952149,0.3937118315524898,0.3845948849721863,0.2178950232692529
LT 138 kV ARARAS / BALDIN C 1 SP,0.0,0.0,100.0,0.0,0.0,0.0,0.0,0.0,0.0
LT 138 kV ARARAS / P.FERREIRA C 1 SP,0.0,0.0,100.0,0.0,0.0,0.0,0.0,0.0,0.0
LT 138 kV ARARAS / RIO CLARO-I C 1 SP,0.0,0.0,100.0,0.0,0.0,0.0,0.0,0.0,0.0
LT 138 kV ARARAS / RIO CLARO-I C 2 SP,0.0,0.0,100.0,0.0,0.0,0.0,0.0,0.0,0.0
LT 138 kV ARARAS / SAO CARLOS C 1 SP,20.121564516585995,39.232506848628425,25.632885184951107,3.7272447918823324,5.80705937221451,2.686275065326217,1.0688110083665503,1.1406752954662842,0.5829779165785843
LT 138 kV ARARAS / SAO CARLOS C 2 SP,20.121435276926153,39.23381575814504,25.632225679572798,3.7271280458934686,5.806641781733602,2.686199759069098,1.068824402126861,1.1406895897908935,0.5830397067420879
LT 138 kV ATIBAIA II / BRA. PAULISTA C 1 SP,1.1126494479038078,2.5472129202103355,85.68710229636551,1.902020828928613,4.0326551768822085,2.025739481527455,0.8590739515628517,1.3190290745653819,0.5145168220538388
LT 138 kV ATIBAIA II / BRA. PAULISTA C 2 SP,1.1124162515910663,2.5457060650833085,85.69602414191561,1.900684721261557,4.031792676388371,2.0244229528280395,0.8578456450827354,1.3167821511352675,0.5143253947140446
LT 138 kV ATIBAIA II / MAIRIPORA C 1 SP,0.5164569079850928,1.2631754530216401,91.25060171717162,1.1187633318314956,2.4781228781254163,1.3413193629186297,0.7528830298080035,0.8923998248561091,0.3862774942819871
LT 138 kV ATIBAIA II / MAIRIPORA C 2 SP,0.516286687761667,1.2624369710576717,91.25158733683628,1.1188628640677698,2.4775597477663984,1.3415658822964243,0.7530389399445101,0.8921716762005071,0.386489894068776
LT 138 kV B. SANTISTA / VIC. CARVALHO C 1 SP,15.04420489126708,27.104136272601952,16.484203756292604,4.479957060132366,6.638536639577032,2.7239387397527173,10.52381436546651,12.295675037891595,4.705533237018138
LT 138 kV B. SANTISTA / VIC. CARVALHO C 2 SP,15.045480977888301,27.106922847808924,16.484136026891456,4.4795453793312126,6.637646146645423,2.723658145680962,10.521849307620665,12.296292969359436,4.704468198773621
LT 138 kV BAGUACU / N.AVANHANDAVA C 1 SP,0.0,0.0,100.0,0.0,0.0,0.0,0.0,0.0,0.0
LT 138 kV BAGUACU / N.AVANHANDAVA C 2 SP,0.0,0.0,100.0,0.0,0.0,0.0,0.0,0.0,0.0
LT 138 kV BALDIN / P.FERREIRA C 1 SP,0.0,0.0,100.0,0.0,0.0,0.0,0.0,0.0,0.0
LT 138 kV BARIRI / BAURU C 1 SP,0.0,0.0,100.0,0.0,0.0,0.0,0.0,0.0,0.0
LT 138 kV BARIRI / BAURU C 2 SP,0.0,0.0,100.0,0.0,0.0,0.0,0.0,0.0,0.0
LT 138 kV BARIRI / IBITINGA C 1 SP,0.0,0.0,100.0,0.0,0.0,0.0,0.0,0.0,0.0
LT 138 kV BARIRI / IBITINGA C 2 SP,0.0,0.0,100.0,0.0,0.0,0.0,0.0,0.0,0.0
LT 138 kV BERTIOGA II / SAO SEBASTIAO C 1 SP,0.0,0.0,100.0,0.0,0.0,0.0,0.0,0.0,0.0
LT 138 kV BERTIOGA II / SAO SEBASTIAO C 2 SP,0.0,0.0,100.0,0.0,0.0,0.0,0.0,0.0,0.0
LT 138 kV BERTIOGA II / VIC. CARVALHO C 1 SP,0.0,0.0,100.0,0.0,0.0,0.0,0.0,0.0,0.0
LT 138 kV BERTIOGA II / VIC. CARVALHO C 2 SP,0.0,0.0,100.0,0.0,0.0,0.0,0.0,0.0,0.0
LT 138 kV BERTIOGA II / VIC. CARVALHO C 3 SP,0.0,0.0,100.0,0.0,0.0,0.0,0.0,0.0,0.0
LT 138 kV BERTIOGA II / VIC. CARVALHO C 4 SP,0.0,0.0,100.0,0.0,0.0,0.0,0.0,0.0,0.0
LT 138 kV BIOPAV / N.AVANHANDAVA C 1 SP,0.0,0.0,100.0,0.0,0.0,0.0,0.0,0.0,0.0
LT 138 kV BIOPAV / PROMISSAO C 1 SP,0.0,0.0,100.0,0.0,0.0,0.0,0.0,0.0,0.0
LT 138 kV BOM JARDIM / BRA. PAULISTA C 1 SP,0.24582368879079866,0.5047844620972682,96.8263367143703,0.42615420502054513,0.7819449037083747,0.42865345524547765,0.21890868636844843,0.3935998687573215,0.1737940156414614
LT 138 kV BOM JARDIM / BRA. PAULISTA C 2 SP,0.24512756887283615,0.5032645224466359,96.83513072188627,0.42552864243545935,0.7802426538632105,0.4266180982971164,0.21866019999846195,0.39220411019653784,0.17322348200347087
LT 138 kV BORBOREMA / IBITINGA C 1 SP,0.0,0.0,100.0,0.0,0.0,0.0,0.0,0.0,0.0
LT 138 kV BOTUCATU / TIETE C 1 SP,7.3881768462468616,17.346779352653396,70.75181102478673,1.4284816235065285,2.1634304266955593,0.8306770403842811,0.04377336582515799,0.036978556135297144,0.009891763766191984
LT 138 kV BOTUCATU / TIETE C 2 SP,7.384158841461301,17.334122209562196,70.77250550634066,1.4281587212809377,2.1608429265767315,0.829568067153089,0.04377338605861566,0.036978573227975216,0.00989176833848337
LT 138 kV BRANCO PERES / FLOR.PAULISTA C 1 SP,0.6452824637627861,2.0569445684895165,97.29146855939015,0.0010507347262573355,0.0045969644273758424,0.0006567092039108346,0.0,0.0,0.0
LT 138 kV BRANCO PERES / VALPARAISO C 1 SP,14.619613875695086,28.733885022348016,56.187794685374556,0.1493058063079093,0.21778113822185138,0.09135844791567876,8.700804563397977e-05,0.00017401609126795953,0.0
LT 138 kV CABREUVA / MAIRIPORA C 1 SP,0.02464520102211519,0.06307792709156755,99.11139401069912,0.08238046215783959,0.23358365351030388,0.15332876813059543,0.09662757137342133,0.16206086732724231,0.07290153868779528
LT 138 kV CABREUVA / TERMOVERDE C 1 SP,0.0,0.0,100.0,0.0,0.0,0.0,0.0,0.0,0.0
LT 138 kV CACONDE / E.CUNHA C 1 SP,0.0,0.0,100.0,0.0,0.0,0.0,0.0,0.0,0.0
LT 138 kV CACONDE / E.CUNHA C 2 SP,0.0,0.0,100.0,0.0,0.0,0.0,0.0,0.0,0.0
LT 138 kV CAPAO BONITO / ITAPEVA C 1 SP,0.0,0.0,100.0,0.0,0.0,0.0,0.0,0.0,0.0
LT 138 kV CAPAO BONITO / ITAPEVA C 2 SP,0.0,0.0,100.0,0.0,0.0,0.0,0.0,0.0,0.0
LT 138 kV CAPIVARA / COCAL 2 C 1 SP,0.0,0.0,100.0,0.0,0.0,0.0,0.0,0.0,0.0
LT 138 kV CARAGUATATUBA / UBATUBA 1 C 1 SP,0.016642511392284145,0.038135979019987436,99.94522150958772,0.0,0.0,0.0,0.0,0.0,0.0
LT 138 kV CARAGUATATUBA / UBATUBA 1 C 2 SP,0.01731511266018345,0.03955607633576392,99.94312881100406,0.0,0.0,0.0,0.0,0.0,0.0
LT 138 kV CASTILHO 03 / TRES IRMAOS C 1 SP,0.0,0.0,100.0,0.0,0.0,0.0,0.0,0.0,0.0
LT 138 kV CASTILHO 03 / TRES IRMAOS C 2 SP,0.0,0.0,100.0,0.0,0.0,0.0,0.0,0.0,0.0
LT 138 kV CASTILHO 03 / TRES LAGOAS C 1 SP/MS,0.0,0.0,100.0,0.0,0.0,0.0,0.0,0.0,0.0
LT 138 kV CASTILHO 03 / TRES LAGOAS C 2 SP/MS,0.0,0.0,100.0,0.0,0.0,0.0,0.0,0.0,0.0
LT 138 kV CATANDUVA / BORBOREMA C 1 SP,0.0,0.0,100.0,0.0,0.0,0.0,0.0,0.0,0.0
LT 138 kV CATANDUVA / IBITINGA C 1 SP,0.0,0.0,100.0,0.0,0.0,0.0,0.0,0.0,0.0
LT 138 kV CERQUILHO III / ITAPETININGA2 C 1 SP,14.698269624028033,34.175019596724425,41.57055708497581,3.2030489651799696,4.501893498191506,1.6841077962414102,0.07558928708811236,0.06768065705113548,0.023833490519596993
LT 138 kV CERQUILHO III / ITAPETININGA2 C 2 SP,14.702423035245225,34.180701590140416,41.55865398169999,3.203524414902146,4.503066322747821,1.6844060351516053,0.07559542833284372,0.06779376491059294,0.02383542686935926
LT 138 kV DRACENA / FLOR.PAULISTA C 1 SP,0.0,0.0,100.0,0.0,0.0,0.0,0.0,0.0,0.0
LT 138 kV E.CUNHA / LIMOEIRO C 1 SP,0.0,0.0,100.0,0.0,0.0,0.0,0.0,0.0,0.0
LT 138 kV E.CUNHA / LIMOEIRO C 2 SP,0.0,0.0,100.0,0.0,0.0,0.0,0.0,0.0,0.0
LT 138 kV E.CUNHA / MOCOCA 4 C 1 SP,0.0,0.0,100.0,0.0,0.0,0.0,0.0,0.0,0.0
LT 138 kV E.CUNHA / MOCOCA 5 C 1 SP,0.0,0.0,100.0,0.0,0.0,0.0,0.0,0.0,0.0
LT 138 kV E.CUNHA / S.J.B.VISTAII C 1 SP,0.0,0.0,100.0,0.0,0.0,0.0,0.0,0.0,0.0
LT 138 kV E.CUNHA / SAO JOAO C 1 SP,0.0,0.0,100.0,0.0,0.0,0.0,0.0,0.0,0.0
LT 138 kV ELDORADO ELK / ILHA SOLTEIRA C 1 MS/SP,0.0,0.0,100.0,0.0,0.0,0.0,0.0,0.0,0.0
LT 138 kV ELDORADO ELK / ILHA SOLTEIRA C 2 MS/SP,0.0,0.0,100.0,0.0,0.0,0.0,0.0,0.0,0.0
LT 138 kV ELDORADO ELK / TRES LAGOAS C 1 MS,0.0,0.0,100.0,0.0,0.0,0.0,0.0,0.0,0.0
LT 138 kV ELDORADO ELK / V.CEL.PAPEL C 1 MS,0.0,0.0,100.0,0.0,0.0,0.0,0.0,0.0,0.0
LT 138 kV EMBU-GUACU / MONGAGUA C 1 SP,0.0,0.0,100.0,0.0,0.0,0.0,0.0,0.0,0.0
LT 138 kV EMBU-GUACU / MONGAGUA C 2 SP,0.0,0.0,100.0,0.0,0.0,0.0,0.0,0.0,0.0
LT 138 kV FERRARI / LIMOEIRO C 1 SP,0.0,0.0,100.0,0.0,0.0,0.0,0.0,0.0,0.0
LT 138 kV FERRARI / P.FERREIRA C 1 SP,0.0,0.0,100.0,0.0,0.0,0.0,0.0,0.0,0.0
LT 138 kV FLOR.PAULISTA / ALTA PAULISTA C 1 SP,0.0,0.0,100.0,0.0,0.0,0.0,0.0,0.0,0.0
LT 138 kV FLOR.PAULISTA / ALTA PAULISTA C 2 SP,0.0,0.0,100.0,0.0,0.0,0.0,0.0,0.0,0.0
LT 138 kV FLOR.PAULISTA / RIO VERMELHO C 1 SP,0.0,0.0,100.0,0.0,0.0,0.0,0.0,0.0,0.0
LT 138 kV FLOR.PAULISTA / TUPA C 1 SP,16.374491345847318,32.16972640501059,50.021986985954584,0.3792637875747745,0.7708102837211919,0.2816584469405742,0.0007032085060100887,0.0009844919084141242,0.00037504453653871395
LT 138 kV FLOR.PAULISTA / TUPA C 2 SP,16.366059670719192,32.1767703215033,50.02341692009603,0.3783742984886124,0.7710940975765949,0.28222193989610295,0.0007032108136946087,0.0009844951391724522,0.0003750457673037913
LT 138 kV FLOR.PAULISTA / UNIVALEM C 1 SP,7.688892183866179,14.472104346200398,77.73360001160405,0.04311227079985753,0.04802787550787867,0.014021560970420953,8.058368373805146e-05,0.00016116736747610292,0.0
LT 138 kV GUARA. TANABI / S.J.RIO PRETO C 1 SP,9.707602828770408,19.276529888545106,70.35896632433267,0.22753829281098595,0.31418822350300135,0.1096728591367538,0.0,0.0033487895919619482,0.0021527933091183954
LT 138 kV GUARIROBA 1 / VOTUPORANGA 2 C 1 SP,0.0,0.0,100.0,0.0,0.0,0.0,0.0,0.0,0.0
LT 138 kV ILHA SOLTEIRA / INTERLAGOS ELK C 1 SP,0.0,0.0,100.0,0.0,0.0,0.0,0.0,0.0,0.0
LT 138 kV ILHA SOLTEIRA / TRES IRMAOS C 1 SP,0.0,0.0,100.0,0.0,0.0,0.0,0.0,0.0,0.0
LT 138 kV ILHA SOLTEIRA / TRES IRMAOS C 2 SP,0.0,0.0,100.0,0.0,0.0,0.0,0.0,0.0,0.0
LT 138 kV ILHA SOLTEIRA / VALE DO PARANA C 1 SP,5.233891939574029,10.674063340664356,83.99351618686762,0.021623131227396664,0.04673722580957785,0.03016817585701848,0.0,0.0,0.0
LT 138 kV ITAPETININGA2 / CAPAO BONITO C 1 SP,0.5049175301367443,1.0628264050205134,97.80935780489187,0.20323347186626184,0.28915277171395337,0.10938213425140561,0.01013167849251289,0.01059826894940493,0.0003999346773360351
LT 138 kV ITAPETININGA2 / CAPAO BONITO C 2 SP,0.5042024648861378,1.0619314473956982,97.81161198807352,0.20284083826659405,0.2889632053518519,0.10931941332803623,0.01013204318650092,0.01059865043851083,0.0003999490731513521
LT 138 kV ITAPEVA / ITARARE II C 1 SP,0.0,0.0,100.0,0.0,0.0,0.0,0.0,0.0,0.0
LT 138 kV ITAPEVA / ITARARE II C 2 SP,0.0,0.0,100.0,0.0,0.0,0.0,0.0,0.0,0.0
LT 138 kV JALES / COL BOA HORA C 1 SP,0.0,0.0,100.0,0.0,0.0,0.0,0.0,0.0,0.0
LT 138 kV JALES / COL BOA HORA C 2 SP,0.0,0.0,100.0,0.0,0.0,0.0,0.0,0.0,0.0
LT 138 kV JALES / VALE DO PARANA C 1 SP,20.243922433786775,40.57376666421077,38.58049512954164,0.18460733842707075,0.29356613851050206,0.11575575380292155,0.006641298290799623,0.0012452434295249293,0.0
LT 138 kV JALES / VOTUPORANGA 2 C 1 SP,0.0,0.0,100.0,0.0,0.0,0.0,0.0,0.0,0.0
LT 138 kV JALES / VOTUPORANGA 2 C 2 SP,0.0,0.0,100.0,0.0,0.0,0.0,0.0,0.0,0.0
LT 138 kV JURUMIRIM / CAPAO BONITO C 1 SP,0.0,0.0,100.0,0.0,0.0,0.0,0.0,0.0,0.0
LT 138 kV JURUMIRIM / CAPAO BONITO C 2 SP,0.0,0.0,100.0,0.0,0.0,0.0,0.0,0.0,0.0
LT 138 kV LIMEIRA I / MOGI MIRIM 3 C 1 SP,0.0,0.0,100.0,0.0,0.0,0.0,0.0,0.0,0.0
LT 138 kV LIMEIRA I / MOGI MIRIM 3 C 2 SP,0.0,0.0,100.0,0.0,0.0,0.0,0.0,0.0,0.0
LT 138 kV LIMOEIRO / SAO LUIZ C 1 SP,0.0,0.0,100.0,0.0,0.0,0.0,0.0,0.0,0.0
LT 138 kV MIRANTE PAR 2 / DRACENA C 1 SP,0.0,0.0,100.0,0.0,0.0,0.0,0.0,0.0,0.0
LT 138 kV MIRANTE PAR 2 / DRACENA C 2 SP,0.0,0.0,100.0,0.0,0.0,0.0,0.0,0.0,0.0
LT 138 kV MIRANTE PAR 2 / PRE. PRUDENTE C 1 SP,0.0,0.0,100.0,0.0,0.0,0.0,0.0,0.0,0.0
LT 138 kV MIRANTE PAR 2 / PRE. PRUDENTE C 2 SP,0.0,0.0,100.0,0.0,0.0,0.0,0.0,0.0,0.0
LT 138 kV MIRANTE PAR 2 / TAQUARUCU C 1 SP,0.0,0.0,100.0,0.0,0.0,0.0,0.0,0.0,0.0
LT 138 kV MIRANTE PAR 2 / TAQUARUCU C 2 SP,0.0,0.0,100.0,0.0,0.0,0.0,0.0,0.0,0.0
LT 138 kV MOCOCA 5 / ITAIPAVA C 1 SP,0.0,0.0,100.0,0.0,0.0,0.0,0.0,0.0,0.0
LT 138 kV MOGI GUACU I / MOGI MIRIM II C 1 SP,0.0,0.0,100.0,0.0,0.0,0.0,0.0,0.0,0.0
LT 138 kV MOGI GUACU I / MOGI MIRIM II C 2 SP,0.0,0.0,100.0,0.0,0.0,0.0,0.0,0.0,0.0
LT 138 kV MOGI GUACU I / S.J.B.VISTAII C 1 SP,0.0,0.0,100.0,0.0,0.0,0.0,0.0,0.0,0.0
LT 138 kV MOGI GUACU I / S.J.B.VISTAII C 2 SP,0.0,0.0,100.0,0.0,0.0,0.0,0.0,0.0,0.0
LT 138 kV MOGI MIRIM 3 / JAGUARIUNA C 1 SP,0.0,0.0,100.0,0.0,0.0,0.0,0.0,0.0,0.0
LT 138 kV MOGI MIRIM 3 / JAGUARIUNA C 2 SP,0.0,0.0,100.0,0.0,0.0,0.0,0.0,0.0,0.0
LT 138 kV MOGI MIRIM 3 / MOGI GUACU I C 1 SP,0.0,0.0,100.0,0.0,0.0,0.0,0.0,0.0,0.0
LT 138 kV MOGI MIRIM 3 / MOGI GUACU I C 2 SP,0.0,0.0,100.0,0.0,0.0,0.0,0.0,0.0,0.0
LT 138 kV MOGI MIRIM 3 / MOGI MIRIM II C 1 SP,0.0,0.0,100.0,0.0,0.0,0.0,0.0,0.0,0.0
LT 138 kV MOGI MIRIM 3 / MOGI MIRIM II C 2 SP,0.0,0.0,100.0,0.0,0.0,0.0,0.0,0.0,0.0
LT 138 kV MOGI MIRIM 3 / S.J.B.VISTAII C 1 SP,0.0,0.0,100.0,0.0,0.0,0.0,0.0,0.0,0.0
LT 138 kV MOGI MIRIM 3 / S.J.B.VISTAII C 2 SP,0.0,0.0,100.0,0.0,0.0,0.0,0.0,0.0,0.0
LT 138 kV MOGI MIRIM II / BRA. PAULISTA C 1 SP,0.18872008899286208,0.3941568616586425,97.52757431058942,0.3265388153412199,0.609548513365599,0.32574054673886144,0.1766521460042665,0.3110899700367532,0.13997874727238663
LT 138 kV MOGI MIRIM II / BRA. PAULISTA C 2 SP,0.18887727907768528,0.3953179849020275,97.52595184145954,0.3259565375629571,0.6102586378952064,0.32656703100602275,0.17600995573922537,0.3108350845885626,0.14022564776876387
LT 138 kV MONGAGUA / PERUIBE C 1 SP,,,,,,,,,
LT 138 kV MONGAGUA / PERUIBE C 2 SP,,,,,,,,,
LT 138 kV N.AVANHANDAVA / PROMISSAO C 1 SP,0.0,0.0,100.0,0.0,0.0,0.0,0.0,0.0,0.0
LT 138 kV N.AVANHANDAVA / S.J.RIO PRETO C 1 SP,5.132851307766556,9.935487145984887,84.50812351390164,0.15478965086988253,0.1998508016102832,0.06518233396897144,3.678461284930668e-05,0.002096722932410481,0.0015817383525201874
LT 138 kV N.AVANHANDAVA / S.J.RIO PRETO C 2 SP,5.131621493070104,9.934046708423473,84.51085347142238,0.15475793276950486,0.19985734460107438,0.06514768218083981,3.6785817154624403e-05,0.002096791577813591,0.0015817901376488492
LT 138 kV PARAIBUNA / CARAGUATATUBA C 1 SP,0.0,0.0,100.0,0.0,0.0,0.0,0.0,0.0,0.0
LT 138 kV PARAIBUNA / CARAGUATATUBA C 2 SP,0.0,0.0,100.0,0.0,0.0,0.0,0.0,0.0,0.0
LT 138 kV PARAIBUNA / TAUBATE C 1 SP,0.0,0.0,100.0,0.0,0.0,0.0,0.0,0.0,0.0
LT 138 kV PARAIBUNA / TAUBATE C 2 SP,0.0,0.0,100.0,0.0,0.0,0.0,0.0,0.0,0.0
LT 138 kV PEDRANOPOLIS 01 / AGUA VERMELHA C 1 SP,0.0,0.0,100.0,0.0,0.0,0.0,0.0,0.0,0.0
LT 138 kV PEDRANOPOLIS 01 / VOTUPORANGA 2 C 1 SP,0.0,0.0,100.0,0.0,0.0,0.0,0.0,0.0,0.0
LT 138 kV PERUIBE / REGISTRO C 1 SP,,,,,,,,,
LT 138 kV PERUIBE / REGISTRO C 2 SP,,,,,,,,,
LT 138 kV PIONEIROS 2 / INTERLAGOS ELK C 1 SP,3.792570745029364,8.395931722505965,87.70750639675724,0.020537748381525243,0.05219593613060806,0.03125745119529696,0.0,0.0,0.0
LT 138 kV PIONEIROS 2 / JALES C 1 SP,22.17637540937386,44.003941242916206,33.155287006169864,0.2055025354092302,0.3252842346093087,0.12451071181217559,0.007662197649980037,0.0014366620593712568,0.0
LT 138 kV PORTO PRIMAVERA / IVINHEMA C 1 SP,0.0,0.0,100.0,0.0,0.0,0.0,0.0,0.0,0.0
LT 138 kV PRE. PRUDENTE / CAPIVARA C 1 SP,0.0,0.0,100.0,0.0,0.0,0.0,0.0,0.0,0.0
LT 138 kV PRE. PRUDENTE / COCAL 2 C 1 SP,0.0,0.0,100.0,0.0,0.0,0.0,0.0,0.0,0.0
LT 138 kV PROMISSAO / CATANDUVA C 1 SP,13.146820189248814,26.956173744875695,58.949908788409424,0.24933876675428937,0.49351767960963877,0.19989355262035258,0.001015719271444881,0.0023158399388943287,0.001015719271444881
LT 138 kV PROMISSAO / UT.CERRADINHO C 1 SP,9.027181520515992,18.768811742265115,71.42740780537717,0.17668741502462298,0.3957753464429035,0.19855715505924634,0.0013947538287387353,0.003124248576374767,0.0010600129098414389
LT 138 kV REGISTRO / CAPAO BONITO C 1 SP,6.949382787561009,12.806374542456615,55.78280089155994,4.015431699573819,7.144738836258781,3.7588979443179715,3.2345232701428195,4.137747438431502,2.170102589697547
LT 138 kV REGISTRO / CAPAO BONITO C 2 SP,6.947448189123833,12.804224617282921,55.77768387976028,4.015965307988804,7.146538436359958,3.7622026094391314,3.2352363551963625,4.139275887584235,2.171424717264473
LT 138 kV RIBEIRAOPRETO / P.FERREIRA C 1 SP,0.0,0.0,100.0,0.0,0.0,0.0,0.0,0.0,0.0
LT 138 kV RIBEIRAOPRETO / P.FERREIRA C 2 SP,0.0,0.0,100.0,0.0,0.0,0.0,0.0,0.0,0.0
LT 138 kV RIO CLARO-I / LIMEIRA I C 1 SP,0.0,0.0,100.0,0.0,0.0,0.0,0.0,0.0,0.0
LT 138 kV RIO CLARO-I / LIMEIRA I C 2 SP,0.0,0.0,100.0,0.0,0.0,0.0,0.0,0.0,0.0
LT 138 kV RIO PARDO / SAO SEBASTIAO C 1 SP,0.0,0.0,100.0,0.0,0.0,0.0,0.0,0.0,0.0
LT 138 kV RIO PARDO / SAO SEBASTIAO C 2 SP,0.0,0.0,100.0,0.0,0.0,0.0,0.0,0.0,0.0
LT 138 kV RIO VERMELHO / DRACENA C 1 SP,0.0,0.0,100.0,0.0,0.0,0.0,0.0,0.0,0.0
LT 138 kV ROSANA / ALCIDIA C 1 SP,2.4544413685021276,6.532552012757019,90.96823927842274,0.013851777945962006,0.024625383015043568,0.0056210113403903795,0.0,0.0006691680167131404,0.0
LT 138 kV ROSANA / MIRANTE PAR 2 C 1 SP,12.4107169939401,24.72421759424749,61.9963378753457,0.2546746994335571,0.4313689504200232,0.17162609776390775,0.005029758122387453,0.002534076611279175,0.0034939541155515896
LT 138 kV S.J.B.VISTAII / POCOS CALDAS C 1 SP/MG,0.0,0.0,100.0,0.0,0.0,0.0,0.0,0.0,0.0
LT 138 kV S.J.B.VISTAII / POCOS CALDAS C 2 SP/MG,0.0,0.0,100.0,0.0,0.0,0.0,0.0,0.0,0.0
LT 138 kV S.J.B.VISTAII / SAO JOAO C 1 SP,0.0,0.0,100.0,0.0,0.0,0.0,0.0,0.0,0.0
LT 138 kV S.J.RIO PRETO / CATANDUVA C 1 SP,0.0,0.0,100.0,0.0,0.0,0.0,0.0,0.0,0.0
LT 138 kV S.J.RIO PRETO / CATANDUVA C 2 SP,0.0,0.0,100.0,0.0,0.0,0.0,0.0,0.0,0.0
LT 138 kV SANTA BARBARA / LIMEIRA I C 1 SP,0.0,0.0,100.0,0.0,0.0,0.0,0.0,0.0,0.0
LT 138 kV SANTA BARBARA / LIMEIRA I C 2 SP,0.0,0.0,100.0,0.0,0.0,0.0,0.0,0.0,0.0
LT 138 kV SANTA BARBARA / MOGI MIRIM II C 1 SP,0.0,0.0,100.0,0.0,0.0,0.0,0.0,0.0,0.0
LT 138 kV SANTA BARBARA / MOGI MIRIM II C 2 SP,0.0,0.0,100.0,0.0,0.0,0.0,0.0,0.0,0.0
LT 138 kV SANTO ANGELO / BERTIOGA II C 1 SP,0.0,0.0,100.0,0.0,0.0,0.0,0.0,0.0,0.0
LT 138 kV SANTO ANGELO / BERTIOGA II C 2 SP,0.0,0.0,100.0,0.0,0.0,0.0,0.0,0.0,0.0
LT 138 kV SANTO ANGELO / RIO PARDO C 1 SP,0.0,0.0,100.0,0.0,0.0,0.0,0.0,0.0,0.0
LT 138 kV SANTO ANGELO / RIO PARDO C 2 SP,0.0,0.0,100.0,0.0,0.0,0.0,0.0,0.0,0.0
LT 138 kV SAO CARLOS / P.FERREIRA C 1 SP,17.47042033125811,40.04879951127253,27.999360406605632,2.937674431094492,5.647219080877439,2.577414907530541,0.939067133504746,1.5997768746708199,0.7802673231856877
LT 138 kV SAO CARLOS / P.FERREIRA C 2 SP,17.47520919104254,40.05588190965046,28.004903549093154,2.9337087269871547,5.644329157750152,2.5675290591421964,0.9391553520749469,1.5988401361229134,0.7804429181364805
LT 138 kV SAO CARLOS / RIO CLARO-I C 1 SP,0.0,0.0,100.0,0.0,0.0,0.0,0.0,0.0,0.0
LT 138 kV SAO CARLOS / RIO CLARO-I C 2 SP,0.0,0.0,100.0,0.0,0.0,0.0,0.0,0.0,0.0
LT 138 kV SAO LUIZ / P.FERREIRA C 1 SP,0.0,0.0,100.0,0.0,0.0,0.0,0.0,0.0,0.0
LT 138 kV SAO SEBASTIAO / CARAGUATATUBA C 1 SP,0.0,0.0,100.0,0.0,0.0,0.0,0.0,0.0,0.0
LT 138 kV SAO SEBASTIAO / CARAGUATATUBA C 2 SP,0.0,0.0,100.0,0.0,0.0,0.0,0.0,0.0,0.0
LT 138 kV SE.PPRIMAVERA / ROSANA C 1 SP,0.0,0.0,100.0,0.0,0.0,0.0,0.0,0.0,0.0
LT 138 kV SE.PPRIMAVERA / ROSANA C 2 SP,0.0,0.0,100.0,0.0,0.0,0.0,0.0,0.0,0.0
LT 138 kV TERMOVERDE / MAIRIPORA C 1 SP,0.048844636483186175,0.12581194245669167,98.2236036866884,0.1642955954434444,0.4676105408774956,0.30490894289504095,0.19378454847175494,0.32517548204191077,0.14596462464206217
LT 138 kV TIETE / CERQUILHO III C 1 SP,0.0,0.0,100.0,0.0,0.0,0.0,0.0,0.0,0.0
LT 138 kV TIETE / CERQUILHO III C 2 SP,0.0,0.0,100.0,0.0,0.0,0.0,0.0,0.0,0.0
LT 138 kV TRES IRMAOS / DA MATA C 1 SP,3.619175641013101,7.578926972318444,88.63915511890572,0.04252538364836119,0.08379317106615748,0.03642371304821298,0.0,0.0,0.0
LT 138 kV TRES IRMAOS / VALPARAISO C 1 SP,5.624056181300611,11.512476164177906,82.60864448616545,0.07350910794238802,0.12865144620448812,0.05266261420915506,0.0,0.0,0.0
LT 138 kV TRES LAGOAS / V.CEL.PAPEL C 1 MS,0.0,0.0,100.0,0.0,0.0,0.0,0.0,0.0,0.0
LT 138 kV UH BARRA BONITA / BARIRI C 1 SP,0.0,0.0,100.0,0.0,0.0,0.0,0.0,0.0,0.0
LT 138 kV UH BARRA BONITA / BARIRI C 2 SP,0.0,0.0,100.0,0.0,0.0,0.0,0.0,0.0,0.0
LT 138 kV UH BARRA BONITA / BOTUCATU C 1 SP,0.0,0.0,100.0,0.0,0.0,0.0,0.0,0.0,0.0
LT 138 kV UH BARRA BONITA / BOTUCATU C 2 SP,0.0,0.0,100.0,0.0,0.0,0.0,0.0,0.0,0.0
LT 138 kV UH BARRA BONITA / RIO CLARO-I C 1 SP,7.681352979699621,16.58978881499951,65.11872341353522,2.1669641553161694,3.9899605015255517,1.8861727584103598,0.7826011103452697,1.168532331321953,0.6159039348463511
LT 138 kV UH BARRA BONITA / RIO CLARO-I C 2 SP,7.683721852335244,16.591485073270665,65.11378017148805,2.1673247534239786,3.9901534801500107,1.886500685621768,0.7825339919707909,1.1685968709213765,0.6159031208181203
LT 138 kV UNIVALEM / VALPARAISO C 1 SP,21.860555582569795,42.39891078585967,35.05366185736018,0.20631160693818293,0.33815653285356045,0.14240363441861112,0.0,0.0,0.0
LT 138 kV UT.CERRADINHO / CATANDUVA C 1 SP,0.0,0.0,100.0,0.0,0.0,0.0,0.0,0.0,0.0
LT 138 kV VALPARAISO / BAGUACU C 1 SP,0.0,0.0,100.0,0.0,0.0,0.0,0.0,0.0,0.0
LT 138 kV VALPARAISO / BAGUACU C 2 SP,0.0,0.0,100.0,0.0,0.0,0.0,0.0,0.0,0.0
LT 138 kV VALPARAISO / DA MATA C 1 SP,21.947765568764314,43.86690206129349,33.17496455447704,0.29583378776311486,0.5119151488711964,0.20261887883084306,0.0,0.0,0.0
LT 138 kV VOTUPORANGA 2 / GUARA. TANABI C 1 SP,1.7821898385297288,3.2227275241449926,94.97181116787701,0.007217528205695507,0.012613810976308969,0.0034401302662660825,0.0,0.0,0.0
LT 138 kV VOTUPORANGA 2 / S.J.RIO PRETO C 2 SP,6.604782511806419,13.340644733116067,79.53735771720842,0.17973587487191264,0.24629750909627013,0.08670528668699197,0.0,0.0027247452606462123,0.0017516219532725651
RL 138 kV CARDOSO / DCA1 C 1 SP,0.0,0.0,100.0,0.0,0.0,0.0,0.0,0.0,0.0
RL 138 kV CARDOSO / DCA2 C 2 SP,0.0,0.0,100.0,0.0,0.0,0.0,0.0,0.0,0.0
RL 138 kV CASA BRANCA / DKC3 C 1 SP,0.0,0.0,100.0,0.0,0.0,0.0,0.0,0.0,0.0
RL 138 kV CASA BRANCA / DKC4 C 2 SP,0.0,0.0,100.0,0.0,0.0,0.0,0.0,0.0,0.0
RL 138 kV DESCALVADO / DDS1 C 1 SP,0.0,0.0,100.0,0.0,0.0,0.0,0.0,0.0,0.0
RL 138 kV DESCALVADO / DDS2 C 2 SP,0.0,0.0,100.0,0.0,0.0,0.0,0.0,0.0,0.0
RL 138 kV JAGUARIUNA / DJG1 C 1 SP,0.0,0.0,100.0,0.0,0.0,0.0,0.0,0.0,0.0
RL 138 kV JAGUARIUNA / DJG2 C 2 SP,0.0,0.0,100.0,0.0,0.0,0.0,0.0,0.0,0.0
RL 138 kV JUPIA / DJU1 C 1 SP,0.0,0.0,100.0,0.0,0.0,0.0,0.0,0.0,0.0
RL 138 kV JUPIA / DJU2 C 2 SP,0.0,0.0,100.0,0.0,0.0,0.0,0.0,0.0,0.0
RL 138 kV MOCOCA / DMC3 C 2 SP,0.0,0.0,100.0,0.0,0.0,0.0,0.0,0.0,0.0
RL 138 kV MOCOCA / DMCC C 1 SP,0.0,0.0,100.0,0.0,0.0,0.0,0.0,0.0,0.0
RL 138 kV PENAPOLIS / DPE4 C 1 SP,0.0,0.0,100.0,0.0,0.0,0.0,0.0,0.0,0.0
RL 138 kV PENAPOLIS / DPE5 C 2 SP,0.0,0.0,100.0,0.0,0.0,0.0,0.0,0.0,0.0
RL 138 kV PINHAL / DPH1 C 1 SP,0.0,0.0,100.0,0.0,0.0,0.0,0.0,0.0,0.0
RL 138 kV PINHAL / DPH2 C 2 SP,0.0,0.0,100.0,0.0,0.0,0.0,0.0,0.0,0.0
RL 138 kV PRE.PRUDENTE4 / DP41 C 1 SP,0.0,0.0,100.0,0.0,0.0,0.0,0.0,0.0,0.0
RL 138 kV PRE.PRUDENTE4 / DP42 C 2 SP,0.0,0.0,100.0,0.0,0.0,0.0,0.0,0.0,0.0
RL 138 kV SAO CARLOS / DSAC C 1 SP,9.349613964417589,17.20571780239454,67.89172354630563,1.4737421207713253,1.9480810115251204,0.776080713140129,0.5523852150236843,0.5099585990824661,0.2926970273395248
RL 138 kV UBARANA / DUB1 C 1 SP,0.0,0.0,100.0,0.0,0.0,0.0,0.0,0.0,0.0
RL 138 kV UBARANA / DUB2 C 2 SP,0.0,0.0,100.0,0.0,0.0,0.0,0.0,0.0,0.0
RL 138 kV VW SAO CARLOS / DVW1 C 1 SP,0.0,0.0,100.0,0.0,0.0,0.0,0.0,0.0,0.0
RL 138 kV VW SAO CARLOS / DVW2 C 2 SP,0.0,0.0,100.0,0.0,0.0,0.0,0.0,0.0,0.0
LT 230 kV ANDIRA LESTE / ASSIS C 1 PR/SP,0.0,0.0,100.0,0.0,0.0,0.0,0.0,0.0,0.0
LT 230 kV ANDIRA LESTE / SALTO GRANDE C 1 PR/SP,0.0,0.0,100.0,0.0,0.0,0.0,0.0,0.0,0.0
LT 230 kV ANHANGUERA / CENTRO-CTT C 1 SP,0.0,0.0,100.0,0.0,0.0,0.0,0.0,0.0,0.0
LT 230 kV ANHANGUERA / CENTRO-CTT C 2 SP,0.0,0.0,100.0,0.0,0.0,0.0,0.0,0.0,0.0
LT 230 kV ANHANGUERA / EDGARD SOUZA C 1 SP,0.0,0.0,100.0,0.0,0.0,0.0,0.0,0.0,0.0
LT 230 kV ANHANGUERA / EDGARD SOUZA C 2 SP,0.0,0.0,100.0,0.0,0.0,0.0,0.0,0.0,0.0
LT 230 kV APARECIDA / GV DO BRASIL C 1 SP,0.0,0.0,100.0,0.0,0.0,0.0,0.0,0.0,0.0
LT 230 kV APARECIDA / LORENA C 1 SP,0.015937816542745224,0.050764897136151454,99.56873449014334,0.04545229162190305,0.12821087974386158,0.07095279809029541,0.028570011876624772,0.06847358218364615,0.02290323266142647
LT 230 kV APARECIDA / LORENA C 2 SP,0.015363996719195777,0.049873897042312446,99.5881267033354,0.04372829835463413,0.1238574504747475,0.06665610884328015,0.02777337868470006,0.06322875572899801,0.02139141081672643
LT 230 kV APARECIDA / TAUBATE C 1 SP,0.0,0.0,100.0,0.0,0.0,0.0,0.0,0.0,0.0
LT 230 kV AVARE NOVA / BOTUCATU C 1 SP,0.0,0.0,100.0,0.0,0.0,0.0,0.0,0.0,0.0
LT 230 kV B. SANTISTA / CARBOCLORO C 1 SP,15.875384498055267,28.549203040394538,17.883926074687952,4.118768589368788,6.4715153672115315,2.774741337671912,9.3298929760785,11.505452881511046,3.491115235020464
LT 230 kV B. SANTISTA / PBR CUBATAO C 1 SP,15.44972523462185,27.746358828986217,20.667677514444605,3.9312403761483874,6.155497897468015,2.6551235384695073,8.955891563031225,10.950118429293239,3.488366617536953
LT 230 kV BOTUCATU / CAPAO BONITO C 1 SP,0.0,0.0,100.0,0.0,0.0,0.0,0.0,0.0,0.0
LT 230 kV BOTUCATU / CERQUILHO III C 1 SP,7.012205315216354,15.470112265253979,74.07975586462271,1.1384003957799622,1.5731381309863053,0.6438692627532194,0.032803995400656955,0.03900622791363197,0.010708542073183436
LT 230 kV CABREUVA / CIA.BRAS.ALUM C 1 SP,0.0,0.0,100.0,0.0,0.0,0.0,0.0,0.0,0.0
LT 230 kV CABREUVA / CIA.BRAS.ALUM C 2 SP,0.0,0.0,100.0,0.0,0.0,0.0,0.0,0.0,0.0
LT 230 kV CABREUVA / EDGARD SOUZA C 2 SP,0.0,0.0,100.0,0.0,0.0,0.0,0.0,0.0,0.0
LT 230 kV CABREUVA / EDGARD SOUZA C 3 SP,0.0,0.0,100.0,0.0,0.0,0.0,0.0,0.0,0.0
LT 230 kV CABREUVA / EDGARD SOUZA C 4 SP,0.0,0.0,100.0,0.0,0.0,0.0,0.0,0.0,0.0
LT 230 kV CABREUVA / EDGARD SOUZA C 5 SP,0.0,0.0,100.0,0.0,0.0,0.0,0.0,0.0,0.0
LT 230 kV CARBOCLORO / H.BORDEN SUB C 1 SP,14.173305856396627,25.38000132676797,28.737580274812167,3.380048405631488,5.122180350566337,2.2373159911919727,8.103556380148984,9.729061140464069,3.136950274020385
LT 230 kV CENTRO-CTT / CENTRO-CTR C 1 SP,0.0,0.0,100.0,0.0,0.0,0.0,0.0,0.0,0.0
LT 230 kV CENTRO-CTT / CENTRO-CTR C 2 SP,0.0,0.0,100.0,0.0,0.0,0.0,0.0,0.0,0.0
LT 230 kV CERQUILHO III / TOYOTA C 1 SP,0.0,0.0,100.0,0.0,0.0,0.0,0.0,0.0,0.0
LT 230 kV CHAVANTES / BOTUCATU C 3 SP,15.727863162934039,35.63792027399496,38.88857480791473,2.2040965008996793,4.912492553728037,1.7743223300711306,0.17372545863326133,0.4354554779079311,0.24554943391623357
LT 230 kV CHAVANTES / PIRAJU C 1 SP,7.632721829031733,17.9099942821765,67.79750812824109,1.302121701850239,3.288168380359696,1.2891439983083182,0.15809896491363337,0.4256686761749975,0.19657403894379816
LT 230 kV CHAVANTES / SALTO GRANDE C 1 SP,0.0,0.0,100.0,0.0,0.0,0.0,0.0,0.0,0.0
LT 230 kV EDGARD SOUZA / PIRITUBA C 1 SP,0.0,0.0,100.0,0.0,0.0,0.0,0.0,0.0,0.0
LT 230 kV EDGARD SOUZA / PIRITUBA C 2 SP,0.0,0.0,100.0,0.0,0.0,0.0,0.0,0.0,0.0
LT 230 kV EDGARD SOUZA / TOYOTA C 1 SP,0.0,0.0,100.0,0.0,0.0,0.0,0.0,0.0,0.0
LT 230 kV GV DO BRASIL / TAUBATE C 1 SP,0.0,0.0,100.0,0.0,0.0,0.0,0.0,0.0,0.0
LT 230 kV H.BORDEN SUB / PBR CUBATAO C 1 SP,14.537150150858118,25.862344051760886,30.708378281193816,3.1981444570655655,4.5657500875143775,1.976753323760332,7.6083928073897855,8.73310139046653,2.809985449990594
LT 230 kV H.BORDEN SUB / PIRATININGA C 1 SP,4.872532765837008,8.586068932531887,77.3366903033902,1.1332908785892843,1.7214771743053858,0.7237011221845743,2.293810116231058,2.519787582972602,0.8126411239580003
LT 230 kV ITAPETI / MOGI C 1 SP,0.0,0.0,100.0,0.0,0.0,0.0,0.0,0.0,0.0
LT 230 kV ITAPETI / MOGI CRUZES C 3 SP,0.0,0.0,100.0,0.0,0.0,0.0,0.0,0.0,0.0
LT 230 kV ITAPETI / S.JOSE CAMPOS C 1 SP,0.0,0.0,100.0,0.0,0.0,0.0,0.0,0.0,0.0
LT 230 kV JURUMIRIM / AVARE NOVA C 1 SP,0.0,0.0,100.0,0.0,0.0,0.0,0.0,0.0,0.0
LT 230 kV JURUMIRIM / PIRAJU C 1 SP,0.0,0.0,100.0,0.0,0.0,0.0,0.0,0.0,0.0
LT 230 kV LORENA / SANTA CABECA C 1 SP,1.9936142608410463,4.505105215181082,56.45591476678065,4.07561120301731,9.310446278281253,5.529524397478501,4.297713384489985,8.97343455340822,4.858635940521952
LT 230 kV LORENA / SANTA CABECA C 2 SP,1.9926177945570978,4.505744857789647,56.350513950250146,4.0807926664155385,9.329812724977344,5.5490500254538055,4.314630703186961,8.998010631627468,4.878826645741993
LT 230 kV MOGI / MOGI CRUZES C 1 SP,0.0,0.0,100.0,0.0,0.0,0.0,0.0,0.0,0.0
LT 230 kV PIRATININGA / INTERLAGOS C 1 SP,0.0,0.0,100.0,0.0,0.0,0.0,0.0,0.0,0.0
LT 230 kV PIRATININGA / INTERLAGOS C 2 SP,0.0,0.0,100.0,0.0,0.0,0.0,0.0,0.0,0.0
LT 230 kV S.JOSE CAMPOS / MOGI CRUZES C 2 SP,0.0,0.0,100.0,0.0,0.0,0.0,0.0,0.0,0.0
LT 230 kV S.JOSE CAMPOS / TAUBATE C 1 SP,0.0,0.0,100.0,0.0,0.0,0.0,0.0,0.0,0.0
LT 345 kV ANHANGUERA / GUARULHOS C 1 SP,0.2229660955192865,0.3350955921589277,99.40127080096191,0.011988688319961636,0.02421244895992252,0.0011753615999962389,0.0005876807999981194,0.0027033316799913495,0.0
LT 345 kV ANHANGUERA / GUARULHOS C 2 SP,0.2341194091216117,0.3558192123579337,99.36354292091275,0.012334439517194797,0.026900825232739126,0.0022319461983495346,0.0005873542627235618,0.004111479839064932,0.000352412557634137
LT 345 kV ANHANGUERA / M. FORNASARO C 1 SP,0.0,0.0,100.0,0.0,0.0,0.0,0.0,0.0,0.0
LT 345 kV ANHANGUERA / M. FORNASARO C 2 SP,0.0,0.0,100.0,0.0,0.0,0.0,0.0,0.0,0.0
LT 345 kV B. SANTISTA / SUL C 1 SP,9.668041661005986,18.050978586396813,44.55174022345361,4.095046533799974,7.5621482613394955,3.5417625976692824,4.766633684435793,6.050536151610859,1.7131123002881838
LT 345 kV B. SANTISTA / TIJUCO PRETO C 1 SP,10.25181402386602,21.767641597028785,12.683874101585337,7.018273496337563,13.430654424154888,6.278478455242615,9.655378451803708,13.62699456652567,5.286890883455414
LT 345 kV B. SANTISTA / TIJUCO PRETO C 2 SP,10.253520339860797,21.767873527774853,12.686009106790983,7.019943399510494,13.428648786871436,6.277840929846766,9.655390261879335,13.624515704809323,5.286257942656011
LT 345 kV B. SANTISTA / TIJUCO PRETO C 3 SP,10.233551952076017,21.73986951731736,12.681070543276183,7.04970133581216,13.503150175583556,6.301211870825587,9.619224678096812,13.612351958961646,5.259867968050679
LT 345 kV BANDEIRANTES / PIRATININGA 2 C 1 SP,0.0,0.0,100.0,0.0,0.0,0.0,0.0,0.0,0.0
LT 345 kV BANDEIRANTES / PIRATININGA 2 C 2 SP,0.0,0.0,100.0,0.0,0.0,0.0,0.0,0.0,0.0
LT 345 kV EMBU-GUACU / B. SANTISTA C 1 SP,4.882926310566051,8.6394215432602,72.83195689930174,1.8038492893347038,3.1366391379860348,1.4455747350512176,2.7881473079785914,3.42721440470705,1.0442703718144117
LT 345 kV EMBU-GUACU / SUL C 1 SP,3.706000574929125,6.946915703495173,76.20648381277135,2.051778315259412,3.782017604726314,1.775341488075177,2.1691183759243473,2.607811601673242,0.7545325231458536
LT 345 kV IBIUNA / INTERLAGOS C 1 SP,0.0,0.0,100.0,0.0,0.0,0.0,0.0,0.0,0.0
LT 345 kV IBIUNA / INTERLAGOS C 2 SP,0.0,0.0,100.0,0.0,0.0,0.0,0.0,0.0,0.0
LT 345 kV INTERLAGOS / EMBU-GUACU C 1 SP,0.0,0.0,100.0,0.0,0.0,0.0,0.0,0.0,0.0
LT 345 kV INTERLAGOS / EMBU-GUACU C 2 SP,0.0,0.0,100.0,0.0,0.0,0.0,0.0,0.0,0.0
LT 345 kV INTERLAGOS / XAVANTES C 1 SP,0.0,0.0,100.0,0.0,0.0,0.0,0.0,0.0,0.0
LT 345 kV INTERLAGOS / XAVANTES C 2 SP,0.0,0.0,100.0,0.0,0.0,0.0,0.0,0.0,0.0
LT 345 kV ITAPETI / MOGI CRUZES C 1 SP,0.0,0.0,100.0,0.0,0.0,0.0,0.0,0.0,0.0
LT 345 kV ITAPETI / MOGI CRUZES C 2 SP,0.0,0.0,100.0,0.0,0.0,0.0,0.0,0.0,0.0
LT 345 kV ITAPETI / SANTO ANGELO C 1 SP,0.0,0.0,100.0,0.0,0.0,0.0,0.0,0.0,0.0
LT 345 kV ITAPETI / SANTO ANGELO C 2 SP,0.0,0.0,100.0,0.0,0.0,0.0,0.0,0.0,0.0
LT 345 kV ITAPETI / TIJUCO PRETO C 1 SP,0.0,0.0,100.0,0.0,0.0,0.0,0.0,0.0,0.0
LT 345 kV ITAPETI / TIJUCO PRETO C 2 SP,0.0,0.0,100.0,0.0,0.0,0.0,0.0,0.0,0.0
LT 345 kV LESTE / RAM REBERT F C 1 SP,6.480963635160896,16.806485173224605,58.10997452196103,3.467098049356434,8.02909026762966,4.082499934851592,1.085071793545697,1.4757617853470204,0.46305483892306676
LT 345 kV LESTE / RAM REBERT F C 2 SP,6.4702296444241245,16.802624507704277,58.116763321061036,3.4695318077179134,8.033945344145792,4.08074050901974,1.0862590337769007,1.4774887503910292,0.46241708175919016
LT 345 kV LESTE / TIJUCO PRETO C 1 SP,8.79946819346607,23.59316410266907,23.905366508859707,6.982202610881565,15.568207404548232,7.98421345560205,3.776937570240668,6.641148530562793,2.7492916231698437
LT 345 kV LESTE / TIJUCO PRETO C 2 SP,8.793775685833713,23.588035328876245,23.93197669199636,6.979228868828082,15.569859613380636,7.984025509228362,3.7680361875100012,6.638019522209342,2.7470425921372565
LT 345 kV LESTE / TIJUCO PRETO C 3 SP,8.796665996325489,23.599654025854342,23.93811123888812,6.9836208966822015,15.580258387237224,7.990499378144665,3.748118326281735,6.621246170757375,2.7418255798288484
LT 345 kV NORTE / GUARULHOS C 1 SP,2.5102910285946605,4.544569047296382,92.02974657812712,0.17511688575687762,0.4478503184713376,0.22974827212359397,0.0262569453855536,0.02392770023038352,0.012493224014094051
LT 345 kV NORTE / GUARULHOS C 2 SP,2.488625483999424,4.505960500563431,92.10434900488872,0.17347725520431764,0.438247180729833,0.22854939971362484,0.02605336067171071,0.022240673744143288,0.012497140484804324
LT 345 kV NORTE / MIGUEL REALE C 1 SP,1.8192413597030657,3.352292272386706,94.24006383523472,0.11654956733721937,0.30221208565607827,0.16445740835858313,0.0007853744429731763,0.0010995242201624468,0.0032985726604873407
LT 345 kV NORTE / MIGUEL REALE C 2 SP,1.8192413597030657,3.352292272386706,94.24006383523472,0.11654956733721937,0.30221208565607827,0.16445740835858313,0.0007853744429731763,0.0010995242201624468,0.0032985726604873407
LT 345 kV XAVANTES / BANDEIRANTES C 1 SP,0.0,0.0,100.0,0.0,0.0,0.0,0.0,0.0,0.0
LT 345 kV XAVANTES / BANDEIRANTES C 2 SP,0.0,0.0,100.0,0.0,0.0,0.0,0.0,0.0,0.0
LT 345 kV XAVANTES / BANDEIRANTES C 3 SP,0.0,0.0,100.0,0.0,0.0,0.0,0.0,0.0,0.0
LT 345 kV XAVANTES / M. FORNASARO C 1 SP,0.0,0.0,100.0,0.0,0.0,0.0,0.0,0.0,0.0
LT 345 kV XAVANTES / M. FORNASARO C 2 SP,0.0,0.0,100.0,0.0,0.0,0.0,0.0,0.0,0.0
LT 440 kV AGUA AZUL / BOM JARDIM C 1 SP,1.798122818963133,3.7040796707255335,82.05722558991496,1.9402813663909666,3.875788270220817,2.0500940052966423,1.3924655539731485,2.2677406770015858,0.9142020475132148
LT 440 kV AGUA AZUL / SANTO ANGELO C 1 SP,0.0,0.0,100.0,0.0,0.0,0.0,0.0,0.0,0.0
LT 440 kV AGUA VERMELHA / ARARAQUARA CTP C 1 SP,13.823001513786066,28.610803422656446,56.66651996337079,0.27089380559729287,0.3648524678990566,0.1482388817753786,0.05344387358124545,0.04551915348633527,0.016726917847388265
LT 440 kV AGUA VERMELHA / RIBEIRAOPRETO C 1 SP,15.505848368772915,32.3161639668566,50.92436677855287,0.29017751011925375,0.6191977813638407,0.25711569504769083,0.016459457640734858,0.043324618178256315,0.027345823467834946
LT 440 kV ALTA PAULISTA / MARECH.RONDON C 1 SP/MS,0.0,0.0,100.0,0.0,0.0,0.0,0.0,0.0,0.0
LT 440 kV ALTA PAULISTA / TAQUARUCU C 1 SP,0.0,0.0,100.0,0.0,0.0,0.0,0.0,0.0,0.0
LT 440 kV ARARAQUARA CTP / ARARAS C 1 SP,13.18759062693726,25.530186412809044,50.559153360538104,2.716637147376812,4.175210247405557,1.806637250165614,0.7655284638142656,0.8475468389076173,0.41150965204572754
LT 440 kV ARARAQUARA CTP / MIRASSOL II C 1 SP,23.512618892818374,46.57413265459832,28.137472994918234,0.6200600015743853,0.7783974895356827,0.2596520997149585,0.06224653125009111,0.04227516173893776,0.013144173851014556
LT 440 kV ARARAQUARA CTP / MIRASSOL II C 2 SP,23.52562426047872,46.59251441610754,28.10290247215219,0.6213437144215521,0.7792621947484631,0.2606371963283771,0.06227291774627456,0.04229308231011621,0.013149745706766018
LT 440 kV ARARAQUARA CTP / MOGI MIRIM 3 C 1 SP,16.28251695924095,32.792399433413365,42.501378834509126,2.2868687279365303,3.383474750085489,1.3604177814111085,0.52922076429178,0.5811070510414406,0.28261569807021253
LT 440 kV ARARAQUARA CTP / PIRACICABA C 1 SP,13.267025061017435,27.60326702506102,47.20694880916299,2.8777896533571554,4.733581125273183,2.0907365163431013,0.7783431971541149,0.9714294829869032,0.47087912964410483
LT 440 kV ARARAS / REPLAN C 1 SP,0.0,0.0,100.0,0.0,0.0,0.0,0.0,0.0,0.0
LT 440 kV ASSIS / BAURU C 1 SP,6.977777143380121,15.688019652146703,73.78824683181344,1.0358127739513336,1.726000106914664,0.7332330798448226,0.01102732397354226,0.021662814100308906,0.01822027387506602
LT 440 kV BAGUACU / BAURU C 1 SP,8.696586574410523,17.62135454469464,71.92884650433227,0.5282361630627969,0.8191554524870653,0.3861338064292752,0.005663996214258014,0.009934832069363856,0.004088126299807196
LT 440 kV BAGUACU / BAURU C 2 SP,8.698599645920028,17.622913281927556,71.92695381816844,0.5274425682149843,0.8190069361027494,0.3853948749996288,0.005664548627980084,0.009935801020852163,0.004088525017775947
LT 440 kV BAGUACU / ILHA SOLTEIRA C 1 SP,16.631650142137115,31.937795392315877,50.78663191719423,0.18402069272223096,0.3054748949231762,0.1494674218245871,0.0010082579047419732,0.0026160205096007953,0.0013352604684420727
LT 440 kV BAGUACU / ILHA SOLTEIRA C 2 SP,16.64169963350794,31.937496286290102,50.77643112069816,0.18439080711658568,0.30543730739814623,0.14955688967460543,0.0010084936974595227,0.0026438888825290187,0.001335572734473422
LT 440 kV BAURU / ARARAQUARA CTP C 1 SP,0.0,0.0,100.0,0.0,0.0,0.0,0.0,0.0,0.0
LT 440 kV BAURU / BRACELL C 1 SP,0.0,0.0,100.0,0.0,0.0,0.0,0.0,0.0,0.0
LT 440 kV BAURU / CABREUVA C 1 SP,8.660191692023727,20.283078292675714,62.57333832696907,2.03609742239167,3.460839132509064,1.6064305082653958,0.48289665515862684,0.5823648192778499,0.31476315072888333
LT 440 kV BAURU / GETULINA C 1 SP,10.995868072066468,23.837502938629115,60.07874910610287,1.4588729367541369,2.337199946991849,1.1086991217140176,0.05825973255500519,0.07824035914253162,0.04660778604400415
LT 440 kV BAURU / GETULINA C 2 SP,11.0262680516141,23.872198738834673,60.00830869938066,1.4616578564622922,2.3375195658786674,1.110836982415032,0.0582922585007149,0.07828404011328402,0.04663380680057192
LT 440 kV BAURU / OESTE C 1 SP,6.160180499979794,13.995346596653427,77.18947240805755,0.816187349194434,1.2382015375685789,0.49180450985307733,0.024461480856566672,0.06292394088761559,0.021421676948952393
LT 440 kV BAURU / SALTO C 1 SP,8.69861588874464,20.229963765744863,65.72618221980603,1.5396542262756296,2.483953061814667,0.97568528295513,0.08105271277982289,0.19153593245534148,0.07335690942386766
LT 440 kV BOM JARDIM / FERNAO DIAS C 1 SP,0.6645527183158811,1.5572579127235597,91.49696047261358,1.1447914305112143,2.5382413978278007,1.2240494598968203,0.45456103499680983,0.6818716200329179,0.23771395308141147
LT 440 kV BRACELL / OESTE C 1 SP,7.412461911088484,16.84197191029482,72.54514048186412,0.9829611605484588,1.491659316127803,0.5938073941581552,0.029832325981503958,0.07618320016329273,0.025982299773364657
LT 440 kV CABREUVA / BOM JARDIM C 1 SP,0.0,0.0,100.0,0.0,0.0,0.0,0.0,0.0,0.0
LT 440 kV CABREUVA / GERDAU SP C 1 SP,0.0,0.0,100.0,0.0,0.0,0.0,0.0,0.0,0.0
LT 440 kV CABREUVA / SALTO C 1 SP,0.0,0.0,100.0,0.0,0.0,0.0,0.0,0.0,0.0
LT 440 kV CAPIVARA / ASSIS C 1 SP,16.18265314747047,32.57622634671097,50.46759625922993,0.24792845135499786,0.39317946325994607,0.12100772759035319,0.0036173623654489023,0.005113002574240275,0.002678239443649668
LT 440 kV CBA2 CIA.B.ALUM / EMBU-GUACU C 1 SP,0.0,0.0,100.0,0.0,0.0,0.0,0.0,0.0,0.0
LT 440 kV CBA2 CIA.B.ALUM / OESTE C 1 SP,0.0,0.0,100.0,0.0,0.0,0.0,0.0,0.0,0.0
LT 440 kV EMBU-GUACU / JANDIRA C 1 SP,0.0,0.0,100.0,0.0,0.0,0.0,0.0,0.0,0.0
LT 440 kV EMBU-GUACU / OESTE C 1 SP,0.0,0.0,100.0,0.0,0.0,0.0,0.0,0.0,0.0
LT 440 kV EMBU-GUACU / SOLVAY C 1 SP,4.121553693430042,7.352449654185045,67.52326487214847,2.9107407914267367,5.308943816912826,2.4753797648247766,3.895615992757361,4.877069889360269,1.5349815249544703
LT 440 kV FERNAO DIAS / TAUBATE C 1 SP,7.011008191532794,16.15016686455692,17.439200248704974,7.762778903525692,15.60339047804542,8.152354269747512,7.965001516950517,13.680196866467153,6.235902660469018
LT 440 kV GERDAU SP / JANDIRA C 1 SP,0.0,0.0,100.0,0.0,0.0,0.0,0.0,0.0,0.0
LT 440 kV GETULINA / JUPIA C 1 SP,15.445935701352804,29.819914474555812,53.20943061545935,0.40541783816407345,0.7875958665155374,0.3286326233200359,0.0014720386262935539,0.0011408299353775043,0.0004600120707167356
LT 440 kV GETULINA / MARECH.RONDON C 1 SP/MS,15.39480667335521,29.73591988862454,53.3494731624434,0.4039910396247664,0.7852344228543502,0.3275112174380599,0.0014675907351730684,0.001137382819759128,0.0004586221047415839
LT 440 kV ILHA SOLTEIRA / AGUA VERMELHA C 1 SP,14.875387320356861,32.278017924315606,52.14900190496292,0.1293489857645572,0.3462850683469995,0.2070317427038735,0.0004796973730360978,0.009593947460721956,0.004853408715424048
LT 440 kV ILHA SOLTEIRA / MIRASSOL II C 1 SP,18.224300955129756,36.66225873099595,43.29118545739409,0.5186690229576613,0.9271107685926206,0.37262365761605204,0.0003851407313861003,0.002484157717440347,0.0009821088650345557
LT 440 kV ILHA SOLTEIRA / MIRASSOL II C 2 SP,18.219506881632984,36.66576584784612,43.29223532058588,0.5183400098582838,0.9274260421648699,0.3728735009601136,0.0003852396951752388,0.00248479603388029,0.000982361222696859
LT 440 kV ILHA SOLTEIRA / TRES IRMAOS C 1 SP,0.0,0.0,100.0,0.0,0.0,0.0,0.0,0.0,0.0
LT 440 kV JUPIA / MARECH.RONDON C 1 SP/MS,0.0,0.0,100.0,0.0,0.0,0.0,0.0,0.0,0.0
LT 440 kV JUPIA / MARECH.RONDON C 2 SP/MS,0.0,0.0,100.0,0.0,0.0,0.0,0.0,0.0,0.0
LT 440 kV JUPIA / TRES IRMAOS C 1 SP,0.0,0.0,100.0,0.0,0.0,0.0,0.0,0.0,0.0
LT 440 kV MOGI MIRIM 3 / SANTO ANGELO C 1 SP,2.917281545358358,6.726244080175231,76.81735188793074,2.3060932509384635,4.800824308736836,2.456589451854492,1.2327727079820143,1.9124358737218061,0.830406893302064
LT 440 kV P. PRIMAVERA / TAQUARUCU C 1 SP,13.583935790453747,26.697135479294328,59.3817385965313,0.0846418106361168,0.16730192808670546,0.07006460991545224,0.005004614993960874,0.00446720667246172,0.005709963415928514
LT 440 kV P. PRIMAVERA / TAQUARUCU C 2 SP,12.913866989862942,25.9922623137945,60.715908177707654,0.10135417708772385,0.18292952932628992,0.07852488671456663,0.0048873049793109555,0.004690500751956152,0.0055761197750527685
LT 440 kV PIRACICABA / SANTA BARBARA C 1 SP,0.0,0.0,100.0,0.0,0.0,0.0,0.0,0.0,0.0
LT 440 kV REPLAN / SANTO ANGELO C 1 SP,3.693729954985386,8.514204848493469,70.67575966605273,2.9166340731469695,6.0710135754972585,3.106193242830018,1.557150070046437,2.4159691653451474,1.0493454036025913
LT 440 kV RIBEIRAOPRETO / SANTA BARBARA C 1 SP,0.0,0.0,100.0,0.0,0.0,0.0,0.0,0.0,0.0
LT 440 kV SANTA BARBARA / SUMARE C 1 SP,0.0,0.0,100.0,0.0,0.0,0.0,0.0,0.0,0.0
LT 440 kV SANTO ANGELO / SOLVAY C 1 SP,0.0,0.0,100.0,0.0,0.0,0.0,0.0,0.0,0.0
LT 440 kV SUMARE / BOM JARDIM C 1 SP,0.0,0.0,100.0,0.0,0.0,0.0,0.0,0.0,0.0
LT 440 kV TAQUARUCU / CAPIVARA C 1 SP,0.0,0.0,100.0,0.0,0.0,0.0,0.0,0.0,0.0
LT 230 kV AIMORES-SE / CONSE. PENA C 1 MG,0.0,0.0,100.0,0.0,0.0,0.0,0.0,0.0,0.0
LT 230 kV AIMORES-SE / MASCARENHAS C 1 MG/ES,0.0,0.0,100.0,0.0,0.0,0.0,0.0,0.0,0.0
LT 230 kV CAXIAS NORTE / CAXIAS 6 C 1 RS,0.0,0.0018173635186723412,99.99732740659019,0.0,0.0004276149455699626,0.0004276149455699626,0.0,0.0,0.0
LT 230 kV CAXIAS NORTE / MONTE CLARO C 1 RS,0.0,0.0,100.0,0.0,0.0,0.0,0.0,0.0,0.0
LT 230 kV CAXIAS NORTE / VINHEDOS C 1 RS,0.0,0.0,100.0,0.0,0.0,0.0,0.0,0.0,0.0
LT 230 kV G.VALADARES 6 / CONSE. PENA C 1 MG,7.3042685999669645,13.436047802259655,15.567664984392408,8.348509572340424,15.72963254038142,9.684597248392686,8.039198357915158,13.918162985968422,7.97191790838286
LT 230 kV G.VALADARES 6 / G.VALADARES 2 C 2 MG,6.907904818195749,11.817823602810797,40.898185241128694,5.981480265318185,10.359668133359602,5.889319410695913,4.910356603401852,8.45449968258138,4.780762242507826
LT 230 kV BIGUACU / RATONES C 1 SC,,,,,,,,,
LT 230 kV BIGUACU / RATONES C 2 SC,,,,,,,,,
LT 230 kV CHAVANTES / BOTUCATU C 4 SP,15.736266608824298,35.61646616499536,38.81567750654898,2.2202848736644807,4.951306736967392,1.788997714114094,0.17733691511076258,0.4413817651933548,0.25228171458128246
LT 230 kV CURITIBA / JOINV.NORTE C 2 PR/SC,,,,,,,,,
LT 230 kV J.LACERDA-B / TUBARAO SUL C 1 SC,,,,,,,,,
LT 230 kV NOVA STA RITA / SCHARLAU 2 C 1 RS,0.0,0.0,100.0,0.0,0.0,0.0,0.0,0.0,0.0
LT 230 kV NOVA STA RITA / SCHARLAU 2 C 2 RS,0.0,0.0,100.0,0.0,0.0,0.0,0.0,0.0,0.0
LT 230 kV SIDEROPOL.ESU / TUBARAO SUL C 1 SC,15.94532820594099,25.99763094453574,13.776307777008483,8.581152662267787,14.032315918551205,7.095571367795861,3.7440252254356476,7.222949807722787,3.6047180907414975
LT 230 kV N.P.PRIMAVERA / ROSANA C 1 SP,0.0,0.0,100.0,0.0,0.0,0.0,0.0,0.0,0.0
LT 230 kV N.P.PRIMAVERA / ROSANA C 2 SP,0.0,0.0,100.0,0.0,0.0,0.0,0.0,0.0,0.0
LT 440 kV ILHA SOLTEIRA / TRES IRMAOS C 2 SP,0.0,0.0,100.0,0.0,0.0,0.0,0.0,0.0,0.0
LT 230 kV PARANAVAI NOR / SARANDI C 1 PR,20.729926487665928,44.2624161629249,31.21382113748791,1.0593482398774825,1.6950728671768007,0.8257123203681935,0.03906538513219495,0.12071115018638372,0.05392624918020533
LT 230 kV PARANAVAI NOR / SARANDI C 2 PR,20.729926487665928,44.2624161629249,31.21382113748791,1.0593482398774825,1.6950728671768007,0.8257123203681935,0.03906538513219495,0.12071115018638372,0.05392624918020533
LT 525 kV GUAIRA / F.IGUACU 60HZ C 1 PR,0.0,0.0,100.0,0.0,0.0,0.0,0.0,0.0,0.0
LT 525 kV GUAIRA / F.IGUACU 60HZ C 2 PR,0.0,0.0,100.0,0.0,0.0,0.0,0.0,0.0,0.0
LT 525 kV GUAIRA / SARANDI C 1 PR,19.93386238226841,41.46531293027481,34.60818944708495,1.100438387121842,1.9941948435881196,0.8036247123000126,0.026388438413525284,0.04856132754097859,0.019427531407342376
LT 525 kV GUAIRA / SARANDI C 2 PR,19.93386238226841,41.46531293027481,34.60818944708495,1.100438387121842,1.9941948435881196,0.8036247123000126,0.026388438413525284,0.04856132754097859,0.019427531407342376
LT 525 kV LONDRINA ESU / SARANDI C 1 PR,0.0,0.0,100.0,0.0,0.0,0.0,0.0,0.0,0.0
LT 525 kV LONDRINA ESU / SARANDI C 2 PR,0.0,0.0,100.0,0.0,0.0,0.0,0.0,0.0,0.0
LT 345 kV INTERLAGOS / PIRATININGA 2 C 3 SP,0.0,0.0,100.0,0.0,0.0,0.0,0.0,0.0,0.0
LT 345 kV INTERLAGOS / PIRATININGA 2 C 4 SP,0.0,0.0,100.0,0.0,0.0,0.0,0.0,0.0,0.0
LT 345 kV JOAO NEIVA 2 / VIANA 2 C 1 ES,3.342553741738753,6.67822413557442,43.28283578200241,4.3797759371924005,9.547154374810093,4.814557690813779,5.888212463383048,16.519149965534094,5.547535908951008
LT 345 kV NOVA PONTE / ARAXA 3 C 1 MG,0.0,0.0,100.0,0.0,0.0,0.0,0.0,0.0,0.0
LT 345 kV NOVA PONTE / UBERLANDIA 10 C 1 MG,12.148111014114454,27.31850636377115,48.96962290758154,2.752348475228066,5.242938949949504,2.0949948173644555,0.28502833329233324,0.8449790267814936,0.3434701119170034
LT 500 kV ITABIRA 5 / MESQUITA C 1 MG,0.0,0.0,100.0,0.0,0.0,0.0,0.0,0.0,0.0
LT 500 kV ITABIRA 5 / NEVES 1 C 1 MG,1.1301987214345965,2.5462976839382896,75.92755937878678,3.045563343795361,6.434660854746235,3.5536924677682484,1.9920956740300502,3.6412566422457533,1.7286752332546897
LT 500 kV COLINAS / RIB.GONCALVES C 2 TO/PI,17.011402486543385,39.42384304698379,37.47771573583467,1.1229756987340829,2.3742630256833483,1.1028505540192939,0.347327787710581,0.8016618427379146,0.3379598217529333
LT 500 kV RIB.GONCALVES / S.JOAO PIAUI C L3 PI,17.54807843804554,40.688108037704374,31.97373686764604,1.6442883582378014,3.143873984021646,1.6695368252107583,0.872286610408408,1.5914937218892524,0.8685971568361767
